[{"name":"abstract fun onPositiveButtonClicked(categorias: List<String>)","description":"com.example.visitgranada.DialogFragmentListener.onPositiveButtonClicked","location":"app/com.example.visitgranada/-dialog-fragment-listener/on-positive-button-clicked.html","searchKeys":["onPositiveButtonClicked","abstract fun onPositiveButtonClicked(categorias: List<String>)","com.example.visitgranada.DialogFragmentListener.onPositiveButtonClicked"]},{"name":"class CustomMarkerInfoWindow(view: View, mapView: MapView) : InfoWindow","description":"com.example.visitgranada.CustomMarkerInfoWindow","location":"app/com.example.visitgranada/-custom-marker-info-window/index.html","searchKeys":["CustomMarkerInfoWindow","class CustomMarkerInfoWindow(view: View, mapView: MapView) : InfoWindow","com.example.visitgranada.CustomMarkerInfoWindow"]},{"name":"class FilterFragment : DialogFragment","description":"com.example.visitgranada.FilterFragment","location":"app/com.example.visitgranada/-filter-fragment/index.html","searchKeys":["FilterFragment","class FilterFragment : DialogFragment","com.example.visitgranada.FilterFragment"]},{"name":"class MainActivity : AppCompatActivity, DialogFragmentListener","description":"com.example.visitgranada.MainActivity","location":"app/com.example.visitgranada/-main-activity/index.html","searchKeys":["MainActivity","class MainActivity : AppCompatActivity, DialogFragmentListener","com.example.visitgranada.MainActivity"]},{"name":"const val apiKey: String","description":"com.example.visitgranada.MainActivity.Companion.apiKey","location":"app/com.example.visitgranada/-main-activity/-companion/api-key.html","searchKeys":["apiKey","const val apiKey: String","com.example.visitgranada.MainActivity.Companion.apiKey"]},{"name":"const val apiUrl: String","description":"com.example.visitgranada.MainActivity.Companion.apiUrl","location":"app/com.example.visitgranada/-main-activity/-companion/api-url.html","searchKeys":["apiUrl","const val apiUrl: String","com.example.visitgranada.MainActivity.Companion.apiUrl"]},{"name":"const val numPeticiones: Int = 20","description":"com.example.visitgranada.MainActivity.Companion.numPeticiones","location":"app/com.example.visitgranada/-main-activity/-companion/num-peticiones.html","searchKeys":["numPeticiones","const val numPeticiones: Int = 20","com.example.visitgranada.MainActivity.Companion.numPeticiones"]},{"name":"constructor()","description":"com.example.visitgranada.FilterFragment.FilterFragment","location":"app/com.example.visitgranada/-filter-fragment/-filter-fragment.html","searchKeys":["FilterFragment","constructor()","com.example.visitgranada.FilterFragment.FilterFragment"]},{"name":"constructor()","description":"com.example.visitgranada.MainActivity.MainActivity","location":"app/com.example.visitgranada/-main-activity/-main-activity.html","searchKeys":["MainActivity","constructor()","com.example.visitgranada.MainActivity.MainActivity"]},{"name":"constructor(coordinates: List<Double>)","description":"com.example.visitgranada.Geometry.Geometry","location":"app/com.example.visitgranada/-geometry/-geometry.html","searchKeys":["Geometry","constructor(coordinates: List<Double>)","com.example.visitgranada.Geometry.Geometry"]},{"name":"constructor(features: List<Feature>)","description":"com.example.visitgranada.RespuestaLugares.RespuestaLugares","location":"app/com.example.visitgranada/-respuesta-lugares/-respuesta-lugares.html","searchKeys":["RespuestaLugares","constructor(features: List<Feature>)","com.example.visitgranada.RespuestaLugares.RespuestaLugares"]},{"name":"constructor(geometry: Geometry, properties: Properties)","description":"com.example.visitgranada.Feature.Feature","location":"app/com.example.visitgranada/-feature/-feature.html","searchKeys":["Feature","constructor(geometry: Geometry, properties: Properties)","com.example.visitgranada.Feature.Feature"]},{"name":"constructor(name: String, xid: String, kinds: String)","description":"com.example.visitgranada.Properties.Properties","location":"app/com.example.visitgranada/-properties/-properties.html","searchKeys":["Properties","constructor(name: String, xid: String, kinds: String)","com.example.visitgranada.Properties.Properties"]},{"name":"constructor(view: View, mapView: MapView)","description":"com.example.visitgranada.CustomMarkerInfoWindow.CustomMarkerInfoWindow","location":"app/com.example.visitgranada/-custom-marker-info-window/-custom-marker-info-window.html","searchKeys":["CustomMarkerInfoWindow","constructor(view: View, mapView: MapView)","com.example.visitgranada.CustomMarkerInfoWindow.CustomMarkerInfoWindow"]},{"name":"data class Feature(val geometry: Geometry, val properties: Properties)","description":"com.example.visitgranada.Feature","location":"app/com.example.visitgranada/-feature/index.html","searchKeys":["Feature","data class Feature(val geometry: Geometry, val properties: Properties)","com.example.visitgranada.Feature"]},{"name":"data class Geometry(val coordinates: List<Double>)","description":"com.example.visitgranada.Geometry","location":"app/com.example.visitgranada/-geometry/index.html","searchKeys":["Geometry","data class Geometry(val coordinates: List<Double>)","com.example.visitgranada.Geometry"]},{"name":"data class Properties(val name: String, val xid: String, val kinds: String)","description":"com.example.visitgranada.Properties","location":"app/com.example.visitgranada/-properties/index.html","searchKeys":["Properties","data class Properties(val name: String, val xid: String, val kinds: String)","com.example.visitgranada.Properties"]},{"name":"data class RespuestaLugares(val features: List<Feature>)","description":"com.example.visitgranada.RespuestaLugares","location":"app/com.example.visitgranada/-respuesta-lugares/index.html","searchKeys":["RespuestaLugares","data class RespuestaLugares(val features: List<Feature>)","com.example.visitgranada.RespuestaLugares"]},{"name":"fun abrirURL(url: String)","description":"com.example.visitgranada.MainActivity.abrirURL","location":"app/com.example.visitgranada/-main-activity/abrir-u-r-l.html","searchKeys":["abrirURL","fun abrirURL(url: String)","com.example.visitgranada.MainActivity.abrirURL"]},{"name":"fun cargarImagen(url: String, imageView: ImageView)","description":"com.example.visitgranada.MainActivity.cargarImagen","location":"app/com.example.visitgranada/-main-activity/cargar-imagen.html","searchKeys":["cargarImagen","fun cargarImagen(url: String, imageView: ImageView)","com.example.visitgranada.MainActivity.cargarImagen"]},{"name":"fun compartirUbicacion()","description":"com.example.visitgranada.MainActivity.compartirUbicacion","location":"app/com.example.visitgranada/-main-activity/compartir-ubicacion.html","searchKeys":["compartirUbicacion","fun compartirUbicacion()","com.example.visitgranada.MainActivity.compartirUbicacion"]},{"name":"fun getSelectedCategorias(): List<String>","description":"com.example.visitgranada.FilterFragment.getSelectedCategorias","location":"app/com.example.visitgranada/-filter-fragment/get-selected-categorias.html","searchKeys":["getSelectedCategorias","fun getSelectedCategorias(): List<String>","com.example.visitgranada.FilterFragment.getSelectedCategorias"]},{"name":"fun isCategoriaSeleccionada(cat: String): Boolean","description":"com.example.visitgranada.FilterFragment.isCategoriaSeleccionada","location":"app/com.example.visitgranada/-filter-fragment/is-categoria-seleccionada.html","searchKeys":["isCategoriaSeleccionada","fun isCategoriaSeleccionada(cat: String): Boolean","com.example.visitgranada.FilterFragment.isCategoriaSeleccionada"]},{"name":"fun mostrarCategoria(categorias: List<String>)","description":"com.example.visitgranada.MainActivity.mostrarCategoria","location":"app/com.example.visitgranada/-main-activity/mostrar-categoria.html","searchKeys":["mostrarCategoria","fun mostrarCategoria(categorias: List<String>)","com.example.visitgranada.MainActivity.mostrarCategoria"]},{"name":"fun mostrarFiltro()","description":"com.example.visitgranada.MainActivity.mostrarFiltro","location":"app/com.example.visitgranada/-main-activity/mostrar-filtro.html","searchKeys":["mostrarFiltro","fun mostrarFiltro()","com.example.visitgranada.MainActivity.mostrarFiltro"]},{"name":"fun mostrarInfoLugar(marker: Marker, title: String, xid: String)","description":"com.example.visitgranada.MainActivity.mostrarInfoLugar","location":"app/com.example.visitgranada/-main-activity/mostrar-info-lugar.html","searchKeys":["mostrarInfoLugar","fun mostrarInfoLugar(marker: Marker, title: String, xid: String)","com.example.visitgranada.MainActivity.mostrarInfoLugar"]},{"name":"fun mostrarLugares()","description":"com.example.visitgranada.MainActivity.mostrarLugares","location":"app/com.example.visitgranada/-main-activity/mostrar-lugares.html","searchKeys":["mostrarLugares","fun mostrarLugares()","com.example.visitgranada.MainActivity.mostrarLugares"]},{"name":"fun mostrarMarcadores(lugares: RespuestaLugares)","description":"com.example.visitgranada.MainActivity.mostrarMarcadores","location":"app/com.example.visitgranada/-main-activity/mostrar-marcadores.html","searchKeys":["mostrarMarcadores","fun mostrarMarcadores(lugares: RespuestaLugares)","com.example.visitgranada.MainActivity.mostrarMarcadores"]},{"name":"fun obtenerUbicacionActual()","description":"com.example.visitgranada.MainActivity.obtenerUbicacionActual","location":"app/com.example.visitgranada/-main-activity/obtener-ubicacion-actual.html","searchKeys":["obtenerUbicacionActual","fun obtenerUbicacionActual()","com.example.visitgranada.MainActivity.obtenerUbicacionActual"]},{"name":"fun setupMap()","description":"com.example.visitgranada.MainActivity.setupMap","location":"app/com.example.visitgranada/-main-activity/setup-map.html","searchKeys":["setupMap","fun setupMap()","com.example.visitgranada.MainActivity.setupMap"]},{"name":"interface DialogFragmentListener","description":"com.example.visitgranada.DialogFragmentListener","location":"app/com.example.visitgranada/-dialog-fragment-listener/index.html","searchKeys":["DialogFragmentListener","interface DialogFragmentListener","com.example.visitgranada.DialogFragmentListener"]},{"name":"lateinit var categoriasLinearLayout: LinearLayout","description":"com.example.visitgranada.FilterFragment.categoriasLinearLayout","location":"app/com.example.visitgranada/-filter-fragment/categorias-linear-layout.html","searchKeys":["categoriasLinearLayout","lateinit var categoriasLinearLayout: LinearLayout","com.example.visitgranada.FilterFragment.categoriasLinearLayout"]},{"name":"lateinit var fusedLocationClient: FusedLocationProviderClient","description":"com.example.visitgranada.MainActivity.fusedLocationClient","location":"app/com.example.visitgranada/-main-activity/fused-location-client.html","searchKeys":["fusedLocationClient","lateinit var fusedLocationClient: FusedLocationProviderClient","com.example.visitgranada.MainActivity.fusedLocationClient"]},{"name":"lateinit var listener: DialogFragmentListener","description":"com.example.visitgranada.FilterFragment.listener","location":"app/com.example.visitgranada/-filter-fragment/listener.html","searchKeys":["listener","lateinit var listener: DialogFragmentListener","com.example.visitgranada.FilterFragment.listener"]},{"name":"lateinit var mapa: MapView","description":"com.example.visitgranada.MainActivity.mapa","location":"app/com.example.visitgranada/-main-activity/mapa.html","searchKeys":["mapa","lateinit var mapa: MapView","com.example.visitgranada.MainActivity.mapa"]},{"name":"lateinit var myLoc: MyLocationNewOverlay","description":"com.example.visitgranada.MainActivity.myLoc","location":"app/com.example.visitgranada/-main-activity/my-loc.html","searchKeys":["myLoc","lateinit var myLoc: MyLocationNewOverlay","com.example.visitgranada.MainActivity.myLoc"]},{"name":"object Companion","description":"com.example.visitgranada.MainActivity.Companion","location":"app/com.example.visitgranada/-main-activity/-companion/index.html","searchKeys":["Companion","object Companion","com.example.visitgranada.MainActivity.Companion"]},{"name":"open override fun onAttach(context: Context)","description":"com.example.visitgranada.FilterFragment.onAttach","location":"app/com.example.visitgranada/-filter-fragment/on-attach.html","searchKeys":["onAttach","open override fun onAttach(context: Context)","com.example.visitgranada.FilterFragment.onAttach"]},{"name":"open override fun onClose()","description":"com.example.visitgranada.CustomMarkerInfoWindow.onClose","location":"app/com.example.visitgranada/-custom-marker-info-window/on-close.html","searchKeys":["onClose","open override fun onClose()","com.example.visitgranada.CustomMarkerInfoWindow.onClose"]},{"name":"open override fun onCreateDialog(savedInstanceState: Bundle?): Dialog","description":"com.example.visitgranada.FilterFragment.onCreateDialog","location":"app/com.example.visitgranada/-filter-fragment/on-create-dialog.html","searchKeys":["onCreateDialog","open override fun onCreateDialog(savedInstanceState: Bundle?): Dialog","com.example.visitgranada.FilterFragment.onCreateDialog"]},{"name":"open override fun onCreateOptionsMenu(menu: Menu?): Boolean","description":"com.example.visitgranada.MainActivity.onCreateOptionsMenu","location":"app/com.example.visitgranada/-main-activity/on-create-options-menu.html","searchKeys":["onCreateOptionsMenu","open override fun onCreateOptionsMenu(menu: Menu?): Boolean","com.example.visitgranada.MainActivity.onCreateOptionsMenu"]},{"name":"open override fun onOpen(item: Any?)","description":"com.example.visitgranada.CustomMarkerInfoWindow.onOpen","location":"app/com.example.visitgranada/-custom-marker-info-window/on-open.html","searchKeys":["onOpen","open override fun onOpen(item: Any?)","com.example.visitgranada.CustomMarkerInfoWindow.onOpen"]},{"name":"open override fun onOptionsItemSelected(item: MenuItem): Boolean","description":"com.example.visitgranada.MainActivity.onOptionsItemSelected","location":"app/com.example.visitgranada/-main-activity/on-options-item-selected.html","searchKeys":["onOptionsItemSelected","open override fun onOptionsItemSelected(item: MenuItem): Boolean","com.example.visitgranada.MainActivity.onOptionsItemSelected"]},{"name":"open override fun onPositiveButtonClicked(categorias: List<String>)","description":"com.example.visitgranada.MainActivity.onPositiveButtonClicked","location":"app/com.example.visitgranada/-main-activity/on-positive-button-clicked.html","searchKeys":["onPositiveButtonClicked","open override fun onPositiveButtonClicked(categorias: List<String>)","com.example.visitgranada.MainActivity.onPositiveButtonClicked"]},{"name":"open override fun onRequestPermissionsResult(requestCode: Int, permissions: Array<out String>, grantResults: IntArray)","description":"com.example.visitgranada.MainActivity.onRequestPermissionsResult","location":"app/com.example.visitgranada/-main-activity/on-request-permissions-result.html","searchKeys":["onRequestPermissionsResult","open override fun onRequestPermissionsResult(requestCode: Int, permissions: Array<out String>, grantResults: IntArray)","com.example.visitgranada.MainActivity.onRequestPermissionsResult"]},{"name":"val closeButton: Button","description":"com.example.visitgranada.CustomMarkerInfoWindow.closeButton","location":"app/com.example.visitgranada/-custom-marker-info-window/close-button.html","searchKeys":["closeButton","val closeButton: Button","com.example.visitgranada.CustomMarkerInfoWindow.closeButton"]},{"name":"val coordinates: List<Double>","description":"com.example.visitgranada.Geometry.coordinates","location":"app/com.example.visitgranada/-geometry/coordinates.html","searchKeys":["coordinates","val coordinates: List<Double>","com.example.visitgranada.Geometry.coordinates"]},{"name":"val features: List<Feature>","description":"com.example.visitgranada.RespuestaLugares.features","location":"app/com.example.visitgranada/-respuesta-lugares/features.html","searchKeys":["features","val features: List<Feature>","com.example.visitgranada.RespuestaLugares.features"]},{"name":"val geometry: Geometry","description":"com.example.visitgranada.Feature.geometry","location":"app/com.example.visitgranada/-feature/geometry.html","searchKeys":["geometry","val geometry: Geometry","com.example.visitgranada.Feature.geometry"]},{"name":"val kinds: String","description":"com.example.visitgranada.Properties.kinds","location":"app/com.example.visitgranada/-properties/kinds.html","searchKeys":["kinds","val kinds: String","com.example.visitgranada.Properties.kinds"]},{"name":"val name: String","description":"com.example.visitgranada.Properties.name","location":"app/com.example.visitgranada/-properties/name.html","searchKeys":["name","val name: String","com.example.visitgranada.Properties.name"]},{"name":"val properties: Properties","description":"com.example.visitgranada.Feature.properties","location":"app/com.example.visitgranada/-feature/properties.html","searchKeys":["properties","val properties: Properties","com.example.visitgranada.Feature.properties"]},{"name":"val xid: String","description":"com.example.visitgranada.Properties.xid","location":"app/com.example.visitgranada/-properties/xid.html","searchKeys":["xid","val xid: String","com.example.visitgranada.Properties.xid"]},{"name":"var categorias: MutableList<String>","description":"com.example.visitgranada.FilterFragment.categorias","location":"app/com.example.visitgranada/-filter-fragment/categorias.html","searchKeys":["categorias","var categorias: MutableList<String>","com.example.visitgranada.FilterFragment.categorias"]},{"name":"var categoriasList: List<String>","description":"com.example.visitgranada.MainActivity.categoriasList","location":"app/com.example.visitgranada/-main-activity/categorias-list.html","searchKeys":["categoriasList","var categoriasList: List<String>","com.example.visitgranada.MainActivity.categoriasList"]},{"name":"var lat: Double","description":"com.example.visitgranada.MainActivity.lat","location":"app/com.example.visitgranada/-main-activity/lat.html","searchKeys":["lat","var lat: Double","com.example.visitgranada.MainActivity.lat"]},{"name":"var long: Double","description":"com.example.visitgranada.MainActivity.long","location":"app/com.example.visitgranada/-main-activity/long.html","searchKeys":["long","var long: Double","com.example.visitgranada.MainActivity.long"]},{"name":"var myLat: Double","description":"com.example.visitgranada.MainActivity.myLat","location":"app/com.example.visitgranada/-main-activity/my-lat.html","searchKeys":["myLat","var myLat: Double","com.example.visitgranada.MainActivity.myLat"]},{"name":"var myLong: Double","description":"com.example.visitgranada.MainActivity.myLong","location":"app/com.example.visitgranada/-main-activity/my-long.html","searchKeys":["myLong","var myLong: Double","com.example.visitgranada.MainActivity.myLong"]}]
